phase,r,targetN,sampled_states,avg_capacity_util,avg_byte_util,avg_total_byte_util_worst,avg_transient_extra_bytes,max_transient_extra_bytes,avg_B,avg_B_over_N_1_over_r,max_capacity_util,min_capacity_util,max_byte_util,min_byte_util,B_at_targetN,N_1_over_r_est_at_targetN,B_over_N_1_over_r_at_targetN,payload_bytes_at_targetN,capacity_slots_at_targetN,capacity_bytes_at_targetN,pointer_bytes_at_targetN,resident_bytes_at_targetN,slack_slots_at_targetN,slack_bytes_at_targetN,next_grow_extra_bytes_at_targetN,next_shrink_extra_bytes_at_targetN,adjust_worst_bytes_at_targetN,total_worst_bytes_at_targetN,capacity_util_at_targetN,byte_util_at_targetN,total_byte_util_worst_at_targetN
grow,2,1000,1000,96.312167,75.234633,74.929172,6.176000,1536,27.320000,1.339457,100.000000,50.000000,88.571429,10.000000,32,31.622777,1.011929,4000,1024,4096,512,4608,24,96,0,0,0,4608,97.656250,86.805556,86.805556
shrink,2,1000,1000,94.798786,71.119689,70.968264,0.824000,512,30.860000,1.685549,100.000000,25.000000,88.571429,5.000000,32,31.622777,1.011929,4000,1024,4096,512,4608,24,96,0,0,0,4608,97.656250,86.805556,86.805556
grow,2,2000,2000,97.102664,79.471369,79.272755,7.568000,5120,45.276000,1.495821,100.000000,50.000000,88.888889,10.000000,64,44.721360,1.431084,8000,2048,8192,1024,9216,48,192,0,0,0,9216,97.656250,86.805556,86.805556
shrink,2,2000,2000,95.341570,72.444178,72.349595,1.180000,1536,59.350000,2.181618,100.000000,25.000000,88.571429,5.000000,64,44.721360,1.431084,8000,2048,8192,1024,9216,48,192,0,0,0,9216,97.656250,86.805556,86.805556
grow,2,5000,5000,98.146681,86.015108,85.911358,9.068800,18432,68.081600,1.435386,100.000000,50.000000,94.117647,10.000000,128,70.710678,1.810193,20000,5120,20480,2048,22528,120,480,0,0,0,22528,97.656250,88.778409,88.778409
shrink,2,5000,5000,96.598425,77.806675,77.753024,1.496000,5120,113.045600,2.529205,100.000000,25.000000,90.697674,5.000000,128,70.710678,1.810193,20000,5120,20480,2048,22528,120,480,0,0,0,22528,97.656250,88.778409,88.778409
grow,2,10000,10000,98.637275,89.323747,89.266006,6.531200,18432,98.040800,1.467473,100.000000,50.000000,95.121951,10.000000,128,100.000000,1.280000,40000,10112,40448,2048,42496,112,448,0,0,0,42496,98.892405,94.126506,94.126506
shrink,2,10000,10000,97.863147,85.219531,85.186839,0.748000,5120,120.522800,2.014383,100.000000,25.000000,95.121951,5.000000,128,100.000000,1.280000,40000,10112,40448,2048,42496,112,448,0,0,0,42496,98.892405,94.126506,94.126506
grow,2,20000,20000,99.035992,92.223136,92.188717,8.718400,69632,136.162800,1.435712,100.000000,50.000000,96.969697,10.000000,256,141.421356,1.810193,80000,20224,80896,4096,84992,224,896,0,0,0,84992,98.892405,94.126506,94.126506
shrink,2,20000,20000,98.216364,86.934996,86.914506,1.295600,18432,226.053400,2.528441,100.000000,25.000000,95.121951,5.000000,256,141.421356,1.810193,80000,20224,80896,4096,84992,224,896,0,0,0,84992,98.892405,94.126506,94.126506
grow,2,50000,50000,99.381791,94.855613,94.840149,5.883520,69632,208.065120,1.415857,100.000000,50.000000,97.989950,10.000000,256,223.606798,1.144867,200000,50176,200704,4096,204800,176,704,0,0,0,204800,99.649235,97.656250,97.656250
shrink,2,50000,50000,99.053940,92.740357,92.730465,0.518240,18432,244.021360,1.852949,100.000000,25.000000,97.989950,5.000000,256,223.606798,1.144867,200000,50176,200704,4096,204800,176,704,0,0,0,204800,99.649235,97.656250,97.656250
grow,2,100000,100000,99.548711,96.176000,96.167119,7.631680,270336,320.260400,1.490511,100.000000,50.000000,98.461538,10.000000,512,316.227766,1.619086,400000,100352,401408,8192,409600,352,1408,0,0,0,409600,99.649235,97.656250,97.656250
shrink,2,100000,100000,99.209570,93.686681,93.680750,0.955440,69632,464.070200,2.364432,100.000000,25.000000,97.989950,5.000000,512,316.227766,1.619086,400000,100352,401408,8192,409600,352,1408,0,0,0,409600,99.649235,97.656250,97.656250
grow,2,200000,200000,99.686032,97.302771,97.297996,5.812640,270336,416.130200,1.415902,100.000000,50.000000,98.984772,10.000000,512,447.213595,1.144867,800000,200192,800768,8192,808960,192,768,0,0,0,808960,99.904092,98.892405,98.892405
shrink,2,200000,200000,99.516462,96.058111,96.054811,0.477720,69632,488.035100,1.852862,100.000000,25.000000,98.984772,5.000000,512,447.213595,1.144867,800000,200192,800768,8192,808960,192,768,0,0,0,808960,99.904092,98.892405,98.892405
grow,2,500000,500000,99.794629,98.210266,98.208078,6.851136,1064960,717.216624,1.498200,100.000000,50.000000,99.224806,10.000000,1024,707.106781,1.448155,2000000,500736,2002944,16384,2019328,736,2944,0,0,0,2019328,99.853016,99.042850,99.042850
shrink,2,500000,500000,99.656270,97.108271,97.106691,0.731760,270336,947.306200,2.197275,100.000000,25.000000,99.186992,5.000000,1024,707.106781,1.448155,2000000,500736,2002944,16384,2019328,736,2944,0,0,0,2019328,99.853016,99.042850,99.042850
grow,2,1000000,1000000,99.861894,98.787882,98.786720,5.424416,1064960,870.608312,1.348945,100.000000,50.000000,99.591837,10.000000,1024,1000.000000,1.024000,4000000,1000448,4001792,16384,4018176,448,1792,0,0,0,4018176,99.955220,99.547655,99.547655
shrink,2,1000000,1000000,99.792715,98.236885,98.236026,0.365880,270336,985.653100,1.698483,100.000000,25.000000,99.591837,5.000000,1024,1000.000000,1.024000,4000000,1000448,4001792,16384,4018176,448,1792,0,0,0,4018176,99.955220,99.547655,99.547655
grow,2,2000000,2000000,99.896708,99.087441,99.086801,6.822544,4227072,1434.433244,1.498206,100.000000,50.000000,99.610895,10.000000,2048,1414.213562,1.448155,8000000,2000896,8003584,32768,8036352,896,3584,0,0,0,8036352,99.955220,99.547655,99.547655
shrink,2,2000000,2000000,99.826741,98.501425,98.500939,0.715420,1064960,1894.609334,2.197263,100.000000,25.000000,99.591837,5.000000,2048,1414.213562,1.448155,8000000,2000896,8003584,32768,8036352,896,3584,0,0,0,8036352,99.955220,99.547655,99.547655
grow,2,5000000,5000000,99.936335,99.434409,99.434125,8.494547,16842752,2132.586379,1.426611,100.000000,50.000000,99.805068,10.000000,4096,2236.067977,1.831787,20000000,5001216,20004864,65536,20070400,1216,4864,0,0,0,20070400,99.975686,99.649235,99.649235
shrink,2,5000000,5000000,99.880002,98.948079,98.947857,1.131582,4227072,3605.147414,2.545095,100.000000,25.000000,99.673203,5.000000,4096,2236.067977,1.831787,20000000,5001216,20004864,65536,20070400,1216,4864,0,0,0,20070400,99.975686,99.649235,99.649235
grow,2,10000000,10000000,99.953981,99.589787,99.589638,6.247760,16842752,3114.293190,1.472056,100.000000,50.000000,99.836401,10.000000,4096,3162.277660,1.295269,40000000,10002432,40009728,65536,40075264,2432,9728,0,0,0,40075264,99.975686,99.812193,99.812193
shrink,2,10000000,10000000,99.925814,99.346623,99.346505,0.565791,4227072,3850.573707,2.031298,100.000000,25.000000,99.836401,5.000000,4096,3162.277660,1.295269,40000000,10002432,40009728,65536,40075264,2432,9728,0,0,0,40075264,99.975686,99.812193,99.812193
grow,3,1000,1000,98.405062,78.927283,78.530177,9.552000,2560,11.632000,1.521357,100.000000,50.000000,88.888889,5.555556,16,10.000000,1.600000,4000,1008,4032,512,4544,8,32,0,0,0,4544,99.206349,88.028169,88.028169
shrink,3,1000,1000,97.192828,72.008164,71.812336,2.792000,1024,15.468000,2.182914,100.000000,25.000000,88.571429,2.777778,16,10.000000,1.600000,4000,1008,4032,512,4544,8,32,0,0,0,4544,99.206349,88.028169,88.028169
grow,3,2000,2000,98.945670,85.187041,84.934770,8.680000,2560,13.816000,1.465477,100.000000,50.000000,93.984962,5.555556,16,12.599210,1.269921,8000,2000,8000,512,8512,0,0,64,0,64,8576,100.000000,93.984962,93.283582
shrink,3,2000,2000,98.339553,81.727481,81.572182,3.444000,1024,15.734000,1.796256,100.000000,25.000000,93.984962,2.777778,16,12.599210,1.269921,8000,2000,8000,512,8512,0,0,64,0,64,8576,100.000000,93.984962,93.283582
grow,3,5000,5000,99.409060,91.200137,91.061622,10.883200,17408,18.019200,1.402456,100.000000,50.000000,96.969697,5.555556,32,17.099759,1.871371,20000,5024,20096,1024,21120,24,96,0,0,0,21120,99.522293,94.696970,94.696970
shrink,3,5000,5000,98.840241,85.572518,85.497804,3.118400,4096,30.258400,2.456667,100.000000,25.000000,95.121951,2.777778,32,17.099759,1.871371,20000,5024,20096,1024,21120,24,96,0,0,0,21120,99.522293,94.696970,94.696970
grow,3,10000,10000,99.597403,93.789185,93.707722,9.422400,17408,25.009600,1.525643,100.000000,50.000000,97.500000,5.555556,32,21.544347,1.485308,40000,10016,40064,1024,41088,16,64,0,0,0,41088,99.840256,97.352025,97.352025
shrink,3,10000,10000,99.312993,90.975376,90.925006,3.607200,4096,31.129200,2.052748,100.000000,25.000000,97.500000,2.777778,32,21.544347,1.485308,40000,10016,40064,1024,41088,16,64,0,0,0,41088,99.840256,97.352025,97.352025
grow,3,20000,20000,99.745108,95.971800,95.924612,8.692000,17408,28.504800,1.417167,100.000000,50.000000,98.736177,5.555556,32,27.144176,1.178890,80000,20000,80000,1024,81024,0,0,128,0,128,81152,100.000000,98.736177,98.580442
shrink,3,20000,20000,99.602903,94.564895,94.533031,3.851600,4096,31.564600,1.680720,100.000000,25.000000,98.736177,2.777778,32,27.144176,1.178890,80000,20000,80000,1024,81024,0,0,128,0,128,81152,100.000000,98.736177,98.580442
grow,3,50000,50000,99.856132,97.670262,97.647057,10.780480,133120,41.630400,1.482329,100.000000,50.000000,99.224806,5.555556,64,36.840315,1.737227,200000,50048,200192,2048,202240,48,192,0,0,0,202240,99.904092,98.892405,98.892405
shrink,3,50000,50000,99.733031,96.063418,96.048339,3.854880,17408,61.205040,2.325061,100.000000,25.000000,98.986058,2.777778,64,36.840315,1.737227,200000,50048,200192,2048,202240,48,192,0,0,0,202240,99.904092,98.892405,98.892405
grow,3,100000,100000,99.906244,98.461341,98.448439,9.324960,133120,52.815200,1.506500,100.000000,50.000000,99.490446,5.555556,64,46.415888,1.378838,400000,100032,400128,2048,402176,32,128,0,0,0,402176,99.968010,99.458943,99.458943
shrink,3,100000,100000,99.844694,97.657919,97.649045,3.893520,17408,62.602520,1.927865,100.000000,25.000000,99.490446,2.777778,64,46.415888,1.378838,400000,100032,400128,2048,402176,32,128,0,0,0,402176,99.968010,99.458943,99.458943
grow,3,200000,200000,99.942210,99.043046,99.035928,8.597200,133120,58.407600,1.360697,100.000000,50.000000,99.744654,5.555556,64,58.480355,1.094385,800000,200000,800000,2048,802048,0,0,256,0,256,802304,100.000000,99.744654,99.712827
shrink,3,200000,200000,99.911435,98.641335,98.636221,3.912840,17408,63.301260,1.571380,100.000000,25.000000,99.744654,2.777778,64,58.480355,1.094385,800000,200000,800000,2048,802048,0,0,256,0,256,802304,100.000000,99.744654,99.712827
grow,3,500000,500000,99.966980,99.447861,99.444564,10.248480,1052672,92.208608,1.520264,100.000000,50.000000,99.805068,5.555556,128,79.370053,1.612699,2000000,500096,2000384,4096,2004480,96,384,0,0,0,2004480,99.980804,99.776501,99.776501
shrink,3,500000,500000,99.941378,99.065570,99.063192,4.026832,133120,123.526328,2.194364,100.000000,25.000000,99.795606,2.777778,128,79.370053,1.612699,2000000,500096,2000384,4096,2004480,96,384,0,0,0,2004480,99.980804,99.776501,99.776501
grow,3,1000000,1000000,99.979089,99.648669,99.646884,9.139856,1052672,110.104304,1.470608,100.000000,50.000000,99.897698,5.555556,128,100.000000,1.280000,4000000,1000064,4000256,4096,4004352,64,256,0,0,0,4004352,99.993600,99.891318,99.891318
shrink,3,1000000,1000000,99.966288,99.457523,99.456196,4.045032,133120,125.763164,1.807658,100.000000,25.000000,99.897698,2.777778,128,100.000000,1.280000,4000000,1000064,4000256,4096,4004352,64,256,0,0,0,4004352,99.993600,99.891318,99.891318
grow,3,2000000,2000000,99.987344,99.786674,99.785713,8.553032,1052672,119.052152,1.299209,100.000000,50.000000,99.948826,5.555556,128,125.992105,1.015937,8000000,2000000,8000000,4096,8004096,0,0,512,0,512,8004608,100.000000,99.948826,99.942433
shrink,3,2000000,2000000,99.980943,99.691102,99.690369,4.021364,133120,126.881582,1.467734,100.000000,25.000000,99.948826,2.777778,128,125.992105,1.015937,8000000,2000000,8000000,4096,8004096,0,0,512,0,512,8004608,100.000000,99.948826,99.942433
grow,3,5000000,5000000,99.992662,99.875861,99.875431,9.863402,8396800,198.733770,1.526621,100.000000,50.000000,99.959056,5.555556,256,170.997595,1.497097,20000000,5000192,20000768,8192,20008960,192,768,0,0,0,20008960,99.996160,99.955220,99.955220
shrink,3,5000000,5000000,99.987441,99.792619,99.792286,4.139054,1052672,248.841772,2.065891,100.000000,25.000000,99.959056,2.777778,256,170.997595,1.497097,20000000,5000192,20000768,8192,20008960,192,768,0,0,0,20008960,99.996160,99.955220,99.955220
grow,3,10000000,10000000,99.995447,99.922856,99.922627,8.916187,8396800,227.366885,1.422858,100.000000,50.000000,99.979524,5.555556,256,215.443469,1.188247,40000000,10000128,40000512,8192,40008704,128,512,0,0,0,40008704,99.998720,99.978245,99.978245
shrink,3,10000000,10000000,99.992837,99.881235,99.881055,4.061822,1052672,252.420886,1.692493,100.000000,25.000000,99.979524,2.777778,256,215.443469,1.188247,40000000,10000128,40000512,8192,40008704,128,512,0,0,0,40008704,99.998720,99.978245,99.978245
grow,4,1000,1000,98.992163,79.971417,79.550426,9.152000,1408,6.944000,1.532251,100.000000,50.000000,91.240876,3.846154,8,5.623413,1.422624,4000,1000,4000,384,4384,0,0,32,0,32,4416,100.000000,91.240876,90.579710
shrink,4,1000,1000,98.319167,76.235239,75.974321,3.944000,256,7.940000,1.852625,100.000000,25.000000,91.240876,1.923077,8,5.623413,1.422624,4000,1000,4000,384,4384,0,0,32,0,32,4416,100.000000,91.240876,90.579710
grow,4,2000,2000,99.375130,86.768747,86.482098,10.160000,2048,7.472000,1.412692,100.000000,50.000000,95.419847,3.846154,8,6.687403,1.196279,8000,2000,8000,384,8384,0,0,32,0,32,8416,100.000000,95.419847,95.057034
shrink,4,2000,2000,99.038632,84.900658,84.686092,5.812000,2048,7.970000,1.572879,100.000000,25.000000,95.419847,1.923077,8,6.687403,1.196279,8000,2000,8000,384,8384,0,0,32,0,32,8416,100.000000,95.419847,95.057034
grow,4,5000,5000,99.669954,92.567928,92.402735,13.331200,17152,9.235200,1.371740,100.000000,50.000000,97.709924,3.846154,16,8.408964,1.902731,20000,5008,20032,768,20800,8,32,0,0,0,20800,99.840256,96.153846,96.153846
shrink,4,5000,5000,99.316874,87.777621,87.686267,3.937600,1408,15.580000,2.391849,100.000000,25.000000,96.296296,1.923077,16,8.408964,1.902731,20000,5008,20032,768,20800,8,32,0,0,0,20800,99.840256,96.153846,96.153846
grow,4,10000,10000,99.783115,94.939934,94.841932,12.118400,17152,12.617600,1.550701,100.000000,50.000000,98.116170,3.846154,16,10.000000,1.600000,40000,10000,40000,768,40768,0,0,64,0,64,40832,100.000000,98.116170,97.962382
shrink,4,10000,10000,99.606575,92.544781,92.482173,5.552800,16384,15.790000,2.060755,100.000000,25.000000,98.116170,1.923077,16,10.000000,1.600000,40000,10000,40000,768,40768,0,0,64,0,64,40832,100.000000,98.116170,97.962382
grow,4,20000,20000,99.865579,96.788380,96.730971,11.467200,17152,14.308800,1.502590,100.000000,50.000000,99.049128,3.846154,16,11.892071,1.345434,80000,20000,80000,768,80768,0,0,64,0,64,80832,100.000000,99.049128,98.970705
shrink,4,20000,20000,99.777309,95.590804,95.550429,6.309200,16384,15.895000,1.757617,100.000000,25.000000,99.049128,1.923077,16,11.892071,1.345434,80000,20000,80000,768,80768,0,0,64,0,64,80832,100.000000,99.049128,98.970705
grow,4,50000,50000,99.932491,98.352130,98.324059,11.690880,17152,15.323520,1.310114,100.000000,50.000000,99.617469,3.846154,16,14.953488,1.069984,200000,50000,200000,768,200768,0,0,64,0,64,200832,100.000000,99.617469,99.585723
shrink,4,50000,50000,99.897183,97.873099,97.851585,7.377440,16384,15.958000,1.412125,100.000000,25.000000,99.617469,1.923077,16,14.953488,1.069984,200000,50000,200000,768,200768,0,0,64,0,64,200832,100.000000,99.617469,99.585723
grow,4,100000,100000,99.957668,98.954292,98.937938,14.096960,263680,21.176000,1.467242,100.000000,50.000000,99.707887,3.846154,32,17.782794,1.799492,400000,100000,400000,1536,401536,0,0,128,0,128,401664,100.000000,99.617469,99.585723
shrink,4,100000,100000,99.917876,98.186110,98.175341,5.365520,131072,31.323800,2.282849,100.000000,25.000000,99.617469,1.923077,32,17.782794,1.799492,400000,100000,400000,1536,401536,0,0,128,0,128,401664,100.000000,99.617469,99.585723
grow,4,200000,200000,99.973463,99.339088,99.329875,13.532320,263680,26.588000,1.551541,100.000000,50.000000,99.808368,3.846154,32,21.147425,1.513187,800000,200000,800000,1536,801536,0,0,128,0,128,801664,100.000000,99.808368,99.792432
shrink,4,200000,200000,99.953567,98.954997,98.948481,7.229320,131072,31.661900,1.959345,100.000000,25.000000,99.808368,1.923077,32,21.147425,1.513187,800000,200000,800000,1536,801536,0,0,128,0,128,801664,100.000000,99.808368,99.792432
grow,4,500000,500000,99.986545,99.662519,99.658324,12.423744,263680,29.835200,1.418107,100.000000,50.000000,99.923259,3.846154,32,26.591479,1.203393,2000000,500000,2000000,1536,2001536,0,0,128,0,128,2001664,100.000000,99.923259,99.916869
shrink,4,500000,500000,99.978586,99.508883,99.505750,7.577552,131072,31.864760,1.581229,100.000000,25.000000,99.923259,1.923077,32,26.591479,1.203393,2000000,500000,2000000,1536,2001536,0,0,128,0,128,2001664,100.000000,99.923259,99.916869
grow,4,1000000,1000000,99.992198,99.803584,99.801288,12.052896,263680,30.917600,1.256030,100.000000,50.000000,99.961615,3.846154,32,31.622777,1.011929,4000000,1000000,4000000,1536,4001536,0,0,128,0,128,4001664,100.000000,99.961615,99.958417
shrink,4,1000000,1000000,99.988219,99.726766,99.724998,7.692264,131072,31.932380,1.337591,100.000000,25.000000,99.961615,1.923077,32,31.622777,1.011929,4000000,1000000,4000000,1536,4001536,0,0,128,0,128,4001664,100.000000,99.961615,99.958417
grow,4,2000000,2000000,99.995045,99.875047,99.873773,14.216976,4197376,46.681584,1.523485,100.000000,50.000000,99.963392,3.846154,64,37.606031,1.701855,8000000,2000000,8000000,3072,8003072,0,0,256,0,256,8003328,100.000000,99.961615,99.958417
shrink,4,2000000,2000000,99.990838,99.781527,99.780618,7.222004,1048576,62.917630,2.175935,100.000000,25.000000,99.961615,1.923077,64,37.606031,1.701855,8000000,2000000,8000000,3072,8003072,0,0,256,0,256,8003328,100.000000,99.961615,99.958417
grow,4,5000000,5000000,99.997441,99.935371,99.934808,12.925190,4197376,57.072634,1.506318,100.000000,50.000000,99.984642,3.846154,64,47.287080,1.353435,20000000,5000000,20000000,3072,20003072,0,0,256,0,256,20003328,100.000000,99.984642,99.983363
shrink,4,5000000,5000000,99.995758,99.897963,99.897544,7.764680,1048576,63.567052,1.767298,100.000000,25.000000,99.984642,1.923077,64,47.287080,1.353435,20000000,5000000,20000000,3072,20003072,0,0,256,0,256,20003328,100.000000,99.984642,99.983363
grow,4,10000000,10000000,99.998502,99.962145,99.961843,12.392989,4197376,60.536317,1.368334,100.000000,50.000000,99.992321,3.846154,64,56.234133,1.138099,40000000,10000000,40000000,3072,40003072,0,0,256,0,256,40003328,100.000000,99.992321,99.991681
shrink,4,10000000,10000000,99.997661,99.943440,99.943211,7.843991,1048576,63.783526,1.498824,100.000000,25.000000,99.992321,1.923077,64,56.234133,1.138099,40000000,10000000,40000000,3072,40003072,0,0,256,0,256,40003328,100.000000,99.992321,99.991681
grow,5,1000,1000,99.323541,82.164818,81.683507,11.536000,1024,3.936000,1.214478,100.000000,50.000000,93.984962,2.941176,4,3.981072,1.004755,4000,1000,4000,256,4256,0,0,16,0,16,4272,100.000000,93.984962,93.632959
shrink,5,1000,1000,99.084899,81.778807,81.320449,8.264000,1024,4.000000,1.253510,100.000000,25.000000,93.984962,1.470588,4,3.981072,1.004755,4000,1000,4000,256,4256,0,0,16,0,16,4272,100.000000,93.984962,93.632959
grow,5,2000,2000,99.543178,86.984980,86.648567,13.552000,4608,5.920000,1.525928,100.000000,50.000000,94.117647,2.941176,8,4.573051,1.749379,8000,2000,8000,512,8512,0,0,32,0,32,8544,100.000000,93.984962,93.632959
shrink,5,2000,2000,99.093126,81.835063,81.640353,5.892000,2048,7.938000,2.146194,100.000000,25.000000,93.984962,1.470588,8,4.573051,1.749379,8000,2000,8000,512,8512,0,0,32,0,32,8544,100.000000,93.984962,93.632959
grow,5,5000,5000,99.753215,92.483709,92.304950,12.076800,4608,7.168000,1.556216,100.000000,50.000000,97.503900,2.941176,8,5.492803,1.456451,20000,5000,20000,512,20512,0,0,32,0,32,20544,100.000000,97.503900,97.352025
shrink,5,5000,5000,99.573194,90.423743,90.298947,6.913600,2048,7.975200,1.804323,100.000000,25.000000,97.503900,1.470588,8,5.492803,1.456451,20000,5000,20000,512,20512,0,0,32,0,32,20544,100.000000,97.503900,97.352025
grow,5,10000,10000,99.852361,95.347387,95.237597,13.011200,16384,7.584000,1.452710,100.000000,50.000000,98.736177,2.941176,8,6.309573,1.267915,40000,10000,40000,512,40512,0,0,32,0,32,40544,100.000000,98.736177,98.658248
shrink,5,10000,10000,99.762351,94.317404,94.232805,8.679200,16384,7.987600,1.576763,100.000000,25.000000,98.736177,1.470588,8,6.309573,1.267915,40000,10000,40000,512,40512,0,0,32,0,32,40544,100.000000,98.736177,98.658248
grow,5,20000,20000,99.914054,97.222246,97.156453,13.388800,16384,7.792000,1.313634,100.000000,50.000000,99.364070,2.941176,8,7.247797,1.103784,80000,20000,80000,512,80512,0,0,32,0,32,80544,100.000000,99.364070,99.324593
shrink,5,20000,20000,99.869049,96.707255,96.653310,9.472400,16384,7.993800,1.375661,100.000000,25.000000,99.364070,1.470588,8,7.247797,1.103784,80000,20000,80000,512,80512,0,0,32,0,32,80544,100.000000,99.364070,99.324593
grow,5,50000,50000,99.955829,98.538482,98.505340,15.866240,132096,10.673920,1.451756,100.000000,50.000000,99.610895,2.941176,16,8.705506,1.837917,200000,50000,200000,1024,201024,0,0,64,0,64,201088,100.000000,99.490608,99.458943
shrink,5,50000,50000,99.910188,97.503176,97.481134,7.444640,16384,15.833840,2.244596,100.000000,25.000000,99.490608,1.470588,16,8.705506,1.837917,200000,50000,200000,1024,201024,0,0,64,0,64,201088,100.000000,99.490608,99.458943
grow,5,100000,100000,99.972716,99.087290,99.068804,13.648320,132096,13.336960,1.577178,100.000000,50.000000,99.744654,2.941176,16,10.000000,1.600000,400000,100000,400000,1024,401024,0,0,64,0,64,401088,100.000000,99.744654,99.728738
shrink,5,100000,100000,99.949896,98.569637,98.556661,7.562320,16384,15.916920,1.973599,100.000000,25.000000,99.744654,1.470588,16,10.000000,1.600000,400000,100000,400000,1024,401024,0,0,64,0,64,401088,100.000000,99.744654,99.728738
grow,5,200000,200000,99.983759,99.452496,99.442132,13.772960,262144,14.668480,1.529690,100.000000,50.000000,99.872164,2.941176,16,11.486984,1.392881,800000,200000,800000,1024,801024,0,0,64,0,64,801088,100.000000,99.872164,99.864185
shrink,5,200000,200000,99.972349,99.193670,99.185975,8.855080,262144,15.958460,1.727900,100.000000,25.000000,99.872164,1.470588,16,11.486984,1.392881,800000,200000,800000,1024,801024,0,0,64,0,64,801088,100.000000,99.872164,99.864185
grow,5,500000,500000,99.992129,99.732752,99.727923,14.859584,262144,15.467392,1.364995,100.000000,50.000000,99.948826,2.941176,16,13.797297,1.159647,2000000,500000,2000000,1024,2001024,0,0,64,0,64,2001088,100.000000,99.948826,99.945630
shrink,5,500000,500000,99.987565,99.629221,99.625417,10.642448,262144,15.983384,1.444279,100.000000,25.000000,99.948826,1.470588,16,13.797297,1.159647,2000000,500000,2000000,1024,2001024,0,0,64,0,64,2001088,100.000000,99.948826,99.945630
grow,5,1000000,1000000,99.995545,99.848118,99.845444,15.160032,262144,15.733696,1.219632,100.000000,50.000000,99.974407,2.941176,16,15.848932,1.009532,4000000,1000000,4000000,1024,4001024,0,0,64,0,64,4001088,100.000000,99.974407,99.972807
shrink,5,1000000,1000000,99.993263,99.796353,99.794184,11.176456,262144,15.991692,1.259274,100.000000,25.000000,99.974407,1.470588,16,15.848932,1.009532,4000000,1000000,4000000,1024,4001024,0,0,64,0,64,4001088,100.000000,99.974407,99.972807
grow,5,2000000,2000000,99.997254,99.906410,99.904947,15.537616,4196352,23.478240,1.520620,100.000000,50.000000,99.975592,2.941176,32,18.205642,1.757697,8000000,2000000,8000000,2048,8002048,0,0,128,0,128,8002176,100.000000,99.974407,99.972807
shrink,5,2000000,2000000,99.994727,99.835085,99.834022,7.793412,132096,31.733710,2.154842,100.000000,25.000000,99.974407,1.470588,32,18.205642,1.757697,8000000,2000000,8000000,2048,8002048,0,0,128,0,128,8002176,100.000000,99.974407,99.972807
grow,5,5000000,5000000,99.998618,99.952899,99.952245,15.713798,4196352,28.591296,1.558620,100.000000,50.000000,99.989761,2.941176,32,21.867241,1.463376,20000000,5000000,20000000,2048,20002048,0,0,128,0,128,20002176,100.000000,99.989761,99.989121
shrink,5,5000000,5000000,99.997607,99.924369,99.923869,10.291099,4194304,31.893484,1.812308,100.000000,25.000000,99.989761,1.470588,32,21.867241,1.463376,20000000,5000000,20000000,2048,20002048,0,0,128,0,128,20002176,100.000000,99.989761,99.989121
grow,5,10000000,10000000,99.999201,99.972793,99.972440,15.768822,4196352,30.295648,1.457128,100.000000,50.000000,99.994880,2.941176,32,25.118864,1.273943,40000000,10000000,40000000,2048,40002048,0,0,128,0,128,40002176,100.000000,99.994880,99.994560
shrink,5,10000000,10000000,99.998696,99.958528,99.958251,11.119975,4194304,31.946742,1.583973,100.000000,25.000000,99.994880,1.470588,32,25.118864,1.273943,40000000,10000000,40000000,2048,40002048,0,0,128,0,128,40002176,100.000000,99.994880,99.994560
grow,6,1000,1000,99.389083,79.867895,79.396429,11.792000,1024,3.872000,1.439853,100.000000,50.000000,92.592593,2.380952,4,3.162278,1.264911,4000,1000,4000,320,4320,0,0,16,0,16,4336,100.000000,92.592593,92.250923
shrink,6,1000,1000,99.084899,78.975048,78.558495,8.296000,1024,4.000000,1.515779,100.000000,25.000000,92.592593,1.190476,4,3.162278,1.264911,4000,1000,4000,320,4320,0,0,16,0,16,4336,100.000000,92.592593,92.250923
grow,6,2000,2000,99.642631,87.266789,86.937257,12.360000,1024,3.936000,1.313234,100.000000,50.000000,96.153846,2.380952,4,3.549537,1.126908,8000,2000,8000,320,8320,0,0,64,0,64,8384,100.000000,96.153846,95.419847
shrink,6,2000,2000,99.490538,86.820366,86.512048,9.108000,1024,4.000000,1.351198,100.000000,25.000000,96.153846,1.190476,4,3.549537,1.126908,8000,2000,8000,320,8320,0,0,64,0,64,8384,100.000000,96.153846,95.419847
grow,6,5000,5000,99.821614,93.142129,92.941457,17.068800,17024,4.697600,1.322859,100.000000,50.000000,98.084291,2.380952,8,4.135186,1.934617,20000,5000,20000,640,20640,0,0,32,0,32,20672,100.000000,96.899225,96.749226
shrink,6,5000,5000,99.597724,88.853981,88.735716,6.932800,2048,7.949600,2.290665,100.000000,25.000000,96.899225,1.190476,8,4.135186,1.934617,20000,5000,20000,640,20640,0,0,32,0,32,20672,100.000000,96.899225,96.749226
grow,6,10000,10000,99.886561,95.463940,95.343365,15.507200,17024,6.348800,1.568906,100.000000,50.000000,98.425197,2.380952,8,4.641589,1.723548,40000,10000,40000,640,40640,0,0,32,0,32,40672,100.000000,98.425197,98.347758
shrink,6,10000,10000,99.774616,93.319866,93.238740,8.688800,16384,7.974800,2.052809,100.000000,25.000000,98.425197,1.190476,8,4.641589,1.723548,40000,10000,40000,640,40640,0,0,32,0,32,40672,100.000000,98.425197,98.347758
grow,6,20000,20000,99.931154,97.171944,97.100806,14.636800,17024,7.174400,1.592928,100.000000,50.000000,99.206349,2.380952,8,5.210007,1.535506,80000,20000,80000,640,80640,0,0,32,0,32,80672,100.000000,99.206349,99.166997
shrink,6,20000,20000,99.875181,96.099907,96.047755,9.477200,16384,7.987400,1.834879,100.000000,25.000000,99.206349,1.190476,8,5.210007,1.535506,80000,20000,80000,640,80640,0,0,32,0,32,80672,100.000000,99.206349,99.166997
grow,6,50000,50000,99.966048,98.570750,98.535976,14.477440,17024,7.669760,1.481773,100.000000,50.000000,99.681021,2.380952,8,6.069622,1.318039,200000,50000,200000,640,200640,0,0,32,0,32,200672,100.000000,99.681021,99.665125
shrink,6,50000,50000,99.943659,98.141935,98.114483,10.313760,16384,7.994960,1.578553,100.000000,25.000000,99.681021,1.190476,8,6.069622,1.318039,200000,50000,200000,640,200640,0,0,32,0,32,200672,100.000000,99.681021,99.665125
grow,6,100000,100000,99.980598,99.172313,99.152175,15.754880,131072,7.834880,1.359149,100.000000,50.000000,99.840256,2.380952,8,6.812921,1.174239,400000,100000,400000,640,400640,0,0,32,0,32,400672,100.000000,99.840256,99.832282
shrink,6,100000,100000,99.969404,98.957906,98.941242,11.922960,131072,7.997480,1.407540,100.000000,25.000000,99.840256,1.190476,8,6.812921,1.174239,400000,100000,400000,640,400640,0,0,32,0,32,400672,100.000000,99.840256,99.832282
grow,6,200000,200000,99.989086,99.529559,99.518009,16.814720,131072,7.917440,1.230385,100.000000,50.000000,99.920064,2.380952,8,7.647245,1.046128,800000,200000,800000,640,800640,0,0,256,0,256,800896,100.000000,99.920064,99.888125
shrink,6,200000,200000,99.983489,99.422355,99.412450,13.148680,131072,7.998740,1.254580,100.000000,25.000000,99.920064,1.190476,8,7.647245,1.046128,800000,200000,800000,640,800640,0,0,256,0,256,800896,100.000000,99.920064,99.888125
grow,6,500000,500000,99.994477,99.760727,99.755284,18.514496,1049856,11.772672,1.515994,100.000000,50.000000,99.939002,2.380952,16,8.908987,1.795939,2000000,500000,2000000,1280,2001280,0,0,64,0,64,2001344,100.000000,99.936041,99.932845
shrink,6,500000,500000,99.988913,99.585127,99.581178,10.658256,262144,15.933976,2.135159,100.000000,25.000000,99.936041,1.190476,16,8.908987,1.795939,2000000,500000,2000000,1280,2001280,0,0,64,0,64,2001344,100.000000,99.936041,99.932845
grow,6,1000000,1000000,99.996718,99.857673,99.854692,16.987488,1049856,13.886336,1.600433,100.000000,50.000000,99.968010,2.380952,16,10.000000,1.600000,4000000,1000000,4000000,1280,4001280,0,0,64,0,64,4001344,100.000000,99.968010,99.966411
shrink,6,1000000,1000000,99.993937,99.769874,99.767632,11.184360,262144,15.966988,1.910016,100.000000,25.000000,99.968010,1.190476,16,10.000000,1.600000,4000000,1000000,4000000,1280,4001280,0,0,64,0,64,4001344,100.000000,99.968010,99.966411
grow,6,2000000,2000000,99.998099,99.917489,99.915869,16.085744,1049856,14.943168,1.550742,100.000000,50.000000,99.984003,2.380952,16,11.224620,1.425438,8000000,2000000,8000000,1280,8001280,0,0,64,0,64,8001344,100.000000,99.984003,99.983203
shrink,6,2000000,2000000,99.996708,99.873589,99.872337,11.309172,262144,15.983494,1.705534,100.000000,25.000000,99.984003,1.190476,16,11.224620,1.425438,8000000,2000000,8000000,1280,8001280,0,0,64,0,64,8001344,100.000000,99.984003,99.983203
grow,6,5000000,5000000,99.999102,99.960995,99.960263,17.953338,4194304,15.577267,1.404358,100.000000,50.000000,99.993600,2.380952,16,13.076605,1.223559,20000000,5000000,20000000,1280,20001280,0,0,64,0,64,20001344,100.000000,99.993600,99.993280
shrink,6,5000000,5000000,99.998546,99.943435,99.942844,13.792712,4194304,15.993398,1.466274,100.000000,25.000000,99.993600,1.190476,16,13.076605,1.223559,20000000,5000000,20000000,1280,20001280,0,0,64,0,64,20001344,100.000000,99.993600,99.993280
grow,6,10000000,10000000,99.999499,99.978227,99.977829,18.560957,4194304,15.788634,1.276124,100.000000,50.000000,99.996800,2.380952,16,14.677993,1.090067,40000000,10000000,40000000,1280,40001280,0,0,64,0,64,40001344,100.000000,99.996800,99.996640
shrink,6,10000000,10000000,99.999221,99.969447,99.969119,14.605642,4194304,15.996699,1.307082,100.000000,25.000000,99.996800,1.190476,16,14.677993,1.090067,40000000,10000000,40000000,1280,40001280,0,0,64,0,64,40001344,100.000000,99.996800,99.996640
grow,7,1000,1000,99.456478,78.359506,77.872090,12.368000,1024,3.744000,1.589146,100.000000,50.000000,91.240876,2.000000,4,2.682696,1.491037,4000,1000,4000,384,4384,0,0,16,0,16,4400,100.000000,91.240876,90.909091
shrink,7,1000,1000,99.084899,76.441959,76.059657,8.328000,1024,4.000000,1.737669,100.000000,25.000000,91.240876,1.000000,4,2.682696,1.491037,4000,1000,4000,384,4384,0,0,16,0,16,4400,100.000000,91.240876,90.909091
grow,7,2000,2000,99.676328,86.023221,85.687637,12.648000,1024,3.872000,1.500312,100.000000,50.000000,95.419847,2.000000,4,2.961936,1.350468,8000,2000,8000,384,8384,0,0,64,0,64,8448,100.000000,95.419847,94.696970
shrink,7,2000,2000,99.490538,85.064448,84.775480,9.124000,1024,4.000000,1.574573,100.000000,25.000000,95.419847,1.000000,4,2.961936,1.350468,8000,2000,8000,384,8384,0,0,64,0,64,8448,100.000000,95.419847,94.696970
grow,7,5000,5000,99.843061,92.677954,92.481223,14.601600,4096,3.948800,1.352127,100.000000,50.000000,98.116170,2.000000,4,3.376170,1.184775,20000,5000,20000,384,20384,0,0,16,0,16,20400,100.000000,98.116170,98.039216
shrink,7,5000,5000,99.768745,92.294445,92.110634,11.393600,4096,4.000000,1.381831,100.000000,25.000000,98.116170,1.000000,4,3.376170,1.184775,20000,5000,20000,384,20384,0,0,16,0,16,20400,100.000000,98.116170,98.039216
grow,7,10000,10000,99.911136,95.672575,95.548231,15.368000,4096,3.974400,1.236864,100.000000,50.000000,99.049128,2.000000,4,3.727594,1.073078,40000,10000,40000,384,40384,0,0,64,0,64,40448,100.000000,99.049128,98.892405
shrink,7,10000,10000,99.873978,95.480821,95.361581,12.263200,4096,4.000000,1.251716,100.000000,25.000000,99.049128,1.000000,4,3.727594,1.073078,40000,10000,40000,384,40384,0,0,64,0,64,40448,100.000000,99.049128,98.892405
grow,7,20000,20000,99.948377,97.404598,97.325427,19.996800,66304,4.710400,1.304529,100.000000,50.000000,99.417476,2.000000,8,4.115597,1.943825,80000,20000,80000,768,80768,0,0,32,0,32,80800,100.000000,99.049128,99.009901
shrink,7,20000,20000,99.881698,95.552341,95.501115,9.494800,16384,7.974600,2.252830,100.000000,25.000000,99.049128,1.000000,8,4.115597,1.943825,80000,20000,80000,768,80768,0,0,32,0,32,80800,100.000000,99.049128,99.009901
grow,7,50000,50000,99.972937,98.605853,98.567878,16.621440,66304,6.684160,1.604243,100.000000,50.000000,99.617469,2.000000,8,4.691173,1.705330,200000,50000,200000,768,200768,0,0,32,0,32,200800,100.000000,99.617469,99.601594
shrink,7,50000,50000,99.946266,97.864950,97.837883,10.320800,16384,7.989840,1.983564,100.000000,25.000000,99.617469,1.000000,8,4.691173,1.705330,200000,50000,200000,768,200768,0,0,32,0,32,200800,100.000000,99.617469,99.601594
grow,7,100000,100000,99.984043,99.167798,99.146063,16.826880,131072,7.342080,1.609329,100.000000,50.000000,99.808368,2.000000,8,5.179475,1.544558,400000,100000,400000,768,400768,0,0,32,0,32,400800,100.000000,99.808368,99.800399
shrink,7,100000,100000,99.970707,98.797347,98.780878,11.926480,131072,7.994920,1.798989,100.000000,25.000000,99.808368,1.000000,8,5.179475,1.544558,400000,100000,400000,768,400768,0,0,32,0,32,400800,100.000000,99.808368,99.800399
grow,7,200000,200000,99.990808,99.516240,99.503891,17.350720,131072,7.671040,1.535772,100.000000,50.000000,99.904092,2.000000,8,5.718604,1.398943,800000,200000,800000,768,800768,0,0,256,0,256,801024,100.000000,99.904092,99.872164
shrink,7,200000,200000,99.984141,99.331014,99.321207,13.150440,131072,7.997460,1.630602,100.000000,25.000000,99.904092,1.000000,8,5.718604,1.398943,800000,200000,800000,768,800768,0,0,256,0,256,801024,100.000000,99.904092,99.872164
grow,7,500000,500000,99.995682,99.770692,99.764947,17.698176,131072,7.868416,1.393321,100.000000,50.000000,99.961615,2.000000,8,6.518363,1.227302,2000000,500000,2000000,768,2000768,0,0,32,0,32,2000800,100.000000,99.961615,99.960016
shrink,7,500000,500000,99.993015,99.696602,99.691849,13.918096,131072,7.998984,1.431253,100.000000,25.000000,99.961615,1.000000,8,6.518363,1.227302,2000000,500000,2000000,768,2000768,0,0,32,0,32,2000800,100.000000,99.961615,99.960016
grow,7,1000000,1000000,99.997598,99.871799,99.868570,19.766976,1048576,7.934208,1.277597,100.000000,50.000000,99.980804,2.000000,8,7.196857,1.111596,4000000,1000000,4000000,768,4000768,0,0,256,0,256,4001024,100.000000,99.980804,99.974407
shrink,7,1000000,1000000,99.996265,99.834754,99.831995,16.126920,1048576,7.999492,1.296563,100.000000,25.000000,99.980804,1.000000,8,7.196857,1.111596,4000000,1000000,4000000,768,4000768,0,0,256,0,256,4001024,100.000000,99.980804,99.974407
grow,7,2000000,2000000,99.998678,99.929125,99.927330,20.687696,1048576,7.967104,1.164966,100.000000,50.000000,99.990401,2.000000,8,7.945974,1.006799,8000000,2000000,8000000,768,8000768,0,0,16384,0,16384,8017152,100.000000,99.990401,99.786059
shrink,7,2000000,2000000,99.998011,99.910602,99.909035,17.117668,1048576,7.999746,1.174449,100.000000,25.000000,99.990401,1.000000,8,7.945974,1.006799,8000000,2000000,8000000,768,8000768,0,0,16384,0,16384,8017152,100.000000,99.990401,99.786059
grow,7,5000000,5000000,99.999338,99.964662,99.963850,21.553094,8390144,12.631398,1.567778,100.000000,50.000000,99.992321,2.000000,16,9.057237,1.766543,20000000,5000000,20000000,1536,20001536,0,0,64,0,64,20001600,100.000000,99.992321,99.992001
shrink,7,5000000,5000000,99.998683,99.938370,99.937759,13.807758,4194304,15.973686,2.053262,100.000000,25.000000,99.992321,1.000000,16,9.057237,1.766543,20000000,5000000,20000000,1536,20001536,0,0,64,0,64,20001600,100.000000,99.992321,99.992001
grow,7,10000000,10000000,99.999617,99.979618,99.979179,20.360835,8390144,14.315699,1.620072,100.000000,50.000000,99.996160,2.000000,16,10.000000,1.600000,40000000,10000000,40000000,1536,40001536,0,0,64,0,64,40001600,100.000000,99.996160,99.996000
shrink,7,10000000,10000000,99.999289,99.966472,99.966133,14.613166,4194304,15.986843,1.862814,100.000000,25.000000,99.996160,1.000000,16,10.000000,1.600000,40000000,10000000,40000000,1536,40001536,0,0,64,0,64,40001600,100.000000,99.996160,99.996000
grow,8,1000,1000,99.524825,77.867444,77.350526,13.328000,1472,3.488000,1.634262,100.000000,50.000000,89.928058,1.724138,4,2.371374,1.686786,4000,1000,4000,448,4448,0,0,16,0,16,4464,100.000000,89.928058,89.605735
shrink,8,1000,1000,99.084899,74.128092,73.774619,8.360000,1024,4.000000,1.926068,100.000000,25.000000,89.928058,0.862069,4,2.371374,1.686786,4000,1000,4000,448,4448,0,0,16,0,16,4464,100.000000,89.928058,89.605735
grow,8,2000,2000,99.710501,85.298179,84.949705,13.128000,1472,3.744000,1.620978,100.000000,50.000000,94.696970,1.724138,4,2.586001,1.546790,8000,2000,8000,448,8448,0,0,64,0,64,8512,100.000000,94.696970,93.984962
shrink,8,2000,2000,99.490538,83.428503,83.156097,9.140000,1024,4.000000,1.766881,100.000000,25.000000,94.696970,0.862069,4,2.586001,1.546790,8000,2000,8000,448,8448,0,0,64,0,64,8512,100.000000,94.696970,93.984962
grow,8,5000,5000,99.856730,92.113954,91.912663,14.793600,4096,3.897600,1.517722,100.000000,50.000000,97.809077,1.724138,4,2.899821,1.379395,20000,5000,20000,448,20448,0,0,16,0,16,20464,100.000000,97.809077,97.732604
shrink,8,5000,5000,99.768745,91.366083,91.189642,11.400000,4096,4.000000,1.576083,100.000000,25.000000,97.809077,0.862069,4,2.899821,1.379395,20000,5000,20000,448,20448,0,0,16,0,16,20464,100.000000,97.809077,97.732604
grow,8,10000,10000,99.917971,95.282976,95.156467,15.464000,4096,3.948800,1.416242,100.000000,50.000000,98.892405,1.724138,4,3.162278,1.264911,40000,10000,40000,448,40448,0,0,64,0,64,40512,100.000000,98.892405,98.736177
shrink,8,10000,10000,99.873978,94.909041,94.793615,12.266400,4096,4.000000,1.445423,100.000000,25.000000,98.892405,0.862069,4,3.162278,1.264911,40000,10000,40000,448,40448,0,0,64,0,64,40512,100.000000,98.892405,98.736177
grow,8,20000,20000,99.953787,97.251335,97.172638,17.452800,16384,3.974400,1.310945,100.000000,50.000000,99.443119,1.724138,4,3.448488,1.159929,80000,20000,80000,448,80448,0,0,256,0,256,80704,100.000000,99.443119,99.127676
shrink,8,20000,20000,99.931791,97.064367,96.989755,14.354000,16384,4.000000,1.325535,100.000000,25.000000,99.443119,0.862069,4,3.448488,1.159929,80000,20000,80000,448,80448,0,0,256,0,256,80704,100.000000,99.443119,99.127676
grow,8,50000,50000,99.978766,98.693309,98.653129,19.325760,65536,3.989760,1.176296,100.000000,50.000000,99.776501,1.724138,4,3.866974,1.034401,200000,50000,200000,448,200448,0,0,64,0,64,200512,100.000000,99.776501,99.744654
shrink,8,50000,50000,99.969968,98.618522,98.579412,16.286240,65536,4.000000,1.182132,100.000000,25.000000,99.776501,0.862069,4,3.866974,1.034401,200000,50000,200000,448,200448,0,0,64,0,64,200512,100.000000,99.776501,99.744654
grow,8,100000,100000,99.987498,99.220143,99.196360,21.998720,263040,5.373440,1.416191,100.000000,50.000000,99.829393,1.724138,8,4.216965,1.897099,400000,100000,400000,896,400896,0,0,32,0,32,400928,100.000000,99.776501,99.768537
shrink,8,100000,100000,99.972051,98.652937,98.636403,11.936400,131072,7.989800,2.162256,100.000000,25.000000,99.776501,0.862069,8,4.216965,1.897099,400000,100000,400000,896,400896,0,0,32,0,32,400928,100.000000,99.776501,99.768537
grow,8,200000,200000,99.992536,99.531355,99.517984,19.936640,263040,6.686720,1.612207,100.000000,50.000000,99.888125,1.724138,8,4.598633,1.739647,800000,200000,800000,896,800896,0,0,256,0,256,801152,100.000000,99.888125,99.856207
shrink,8,200000,200000,99.984813,99.247753,99.237914,13.155400,131072,7.994900,1.985239,100.000000,25.000000,99.888125,0.862069,8,4.598633,1.739647,800000,200000,800000,896,800896,0,0,256,0,256,801152,100.000000,99.888125,99.856207
grow,8,500000,500000,99.996373,99.770882,99.764728,18.732544,263040,7.474688,1.622623,100.000000,50.000000,99.955220,1.724138,8,5.156693,1.551382,2000000,500000,2000000,896,2000896,0,0,32,0,32,2000928,100.000000,99.955220,99.953622
shrink,8,500000,500000,99.993284,99.657441,99.652676,13.920080,131072,7.997960,1.771836,100.000000,25.000000,99.955220,0.862069,8,5.156693,1.551382,2000000,500000,2000000,896,2000896,0,0,32,0,32,2000928,100.000000,99.955220,99.953622
grow,8,1000000,1000000,99.997944,99.869677,99.866244,20.284160,1048576,7.737344,1.550663,100.000000,50.000000,99.977605,1.724138,8,5.623413,1.422624,4000000,1000000,4000000,896,4000896,0,0,256,0,256,4001152,100.000000,99.977605,99.971208
shrink,8,1000000,1000000,99.996399,99.812957,99.810192,16.127912,1048576,7.998980,1.625269,100.000000,25.000000,99.977605,0.862069,8,5.623413,1.422624,4000000,1000000,4000000,896,4000896,0,0,256,0,256,4001152,100.000000,99.977605,99.971208
grow,8,2000000,2000000,99.998851,99.926955,99.925058,20.946288,1048576,7.868672,1.453320,100.000000,50.000000,99.988801,1.724138,8,6.132376,1.304552,8000000,2000000,8000000,896,8000896,0,0,16384,0,16384,8017280,100.000000,99.988801,99.784466
shrink,8,2000000,2000000,99.998078,99.898595,99.897025,17.118164,1048576,7.999490,1.490623,100.000000,25.000000,99.988801,0.862069,8,6.132376,1.304552,8000000,2000000,8000000,896,8000896,0,0,16384,0,16384,8017280,100.000000,99.988801,99.784466
grow,8,5000000,5000000,99.999476,99.966613,99.965753,22.677171,8388608,7.947469,1.314530,100.000000,50.000000,99.995520,1.724138,8,6.876560,1.163372,20000000,5000000,20000000,896,20000896,0,0,256,0,256,20001152,100.000000,99.995520,99.994240
shrink,8,5000000,5000000,99.999167,99.955269,99.954535,19.045922,8388608,7.999796,1.329451,100.000000,25.000000,99.995520,0.862069,8,6.876560,1.163372,20000000,5000000,20000000,896,20000896,0,0,256,0,256,20001152,100.000000,99.995520,99.994240
grow,8,10000000,10000000,99.999714,99.981730,99.981259,23.543421,8388608,7.973734,1.211700,100.000000,50.000000,99.997760,1.724138,8,7.498942,1.066817,40000000,10000000,40000000,896,40000896,0,0,2048,0,2048,40002944,100.000000,99.997760,99.992641
shrink,8,10000000,10000000,99.999559,99.976058,99.975649,19.977796,8388608,7.999898,1.219161,100.000000,25.000000,99.997760,0.862069,8,7.498942,1.066817,40000000,10000000,40000000,896,40000896,0,0,2048,0,2048,40002944,100.000000,99.997760,99.992641
